{
  "hash": "fc6fe9cc",
  "configHash": "403cd9f8",
  "lockfileHash": "163d35b5",
  "browserHash": "c841b217",
  "optimized": {
    "@angular/common": {
      "src": "../../../../../../node_modules/@angular/common/fesm2022/common.mjs",
      "file": "@angular_common.js",
      "fileHash": "f69cb196",
      "needsInterop": false
    },
    "@angular/common/http": {
      "src": "../../../../../../node_modules/@angular/common/fesm2022/http.mjs",
      "file": "@angular_common_http.js",
      "fileHash": "6626f772",
      "needsInterop": false
    },
    "@angular/core": {
      "src": "../../../../../../node_modules/@angular/core/fesm2022/core.mjs",
      "file": "@angular_core.js",
      "fileHash": "2deb4968",
      "needsInterop": false
    },
    "@angular/forms": {
      "src": "../../../../../../node_modules/@angular/forms/fesm2022/forms.mjs",
      "file": "@angular_forms.js",
      "fileHash": "f5c69cec",
      "needsInterop": false
    },
    "@angular/platform-browser": {
      "src": "../../../../../../node_modules/@angular/platform-browser/fesm2022/platform-browser.mjs",
      "file": "@angular_platform-browser.js",
      "fileHash": "19e39cc5",
      "needsInterop": false
    },
    "@angular/router": {
      "src": "../../../../../../node_modules/@angular/router/fesm2022/router.mjs",
      "file": "@angular_router.js",
      "fileHash": "4ddc7f4c",
      "needsInterop": false
    },
    "@emailjs/browser": {
      "src": "../../../../../../node_modules/@emailjs/browser/es/index.js",
      "file": "@emailjs_browser.js",
      "fileHash": "cab2526d",
      "needsInterop": false
    },
    "html2canvas": {
      "src": "../../../../../../node_modules/html2canvas/dist/html2canvas.esm.js",
      "file": "html2canvas.js",
      "fileHash": "dcbee880",
      "needsInterop": false
    },
    "jspdf": {
      "src": "../../../../../../node_modules/jspdf/dist/jspdf.es.min.js",
      "file": "jspdf.js",
      "fileHash": "5470146f",
      "needsInterop": false
    },
    "rxjs": {
      "src": "../../../../../../node_modules/rxjs/dist/esm5/index.js",
      "file": "rxjs.js",
      "fileHash": "c7b9402a",
      "needsInterop": false
    },
    "rxjs/operators": {
      "src": "../../../../../../node_modules/rxjs/dist/esm5/operators/index.js",
      "file": "rxjs_operators.js",
      "fileHash": "d8279a1e",
      "needsInterop": false
    }
  },
  "chunks": {
    "purify.es-64WHFMY6": {
      "file": "purify__es-64WHFMY6.js"
    },
    "index.es-LRPORJ4R": {
      "file": "index__es-LRPORJ4R.js"
    },
    "chunk-WUUVWCMF": {
      "file": "chunk-WUUVWCMF.js"
    },
    "chunk-G36L4Q23": {
      "file": "chunk-G36L4Q23.js"
    },
    "chunk-ROJPIWWW": {
      "file": "chunk-ROJPIWWW.js"
    },
    "chunk-B2VIPODX": {
      "file": "chunk-B2VIPODX.js"
    },
    "chunk-3UBRCXGA": {
      "file": "chunk-3UBRCXGA.js"
    },
    "chunk-BGVY6FOV": {
      "file": "chunk-BGVY6FOV.js"
    },
    "chunk-WPM5VTLQ": {
      "file": "chunk-WPM5VTLQ.js"
    },
    "chunk-PEBH6BBU": {
      "file": "chunk-PEBH6BBU.js"
    },
    "chunk-4S3KYZTJ": {
      "file": "chunk-4S3KYZTJ.js"
    },
    "chunk-TXDUYLVM": {
      "file": "chunk-TXDUYLVM.js"
    }
  }
}